sequence,labels,directions,predictions
caaccagcaagagaacatctggcctgcgggcaccactgctacagtggtggtcactggcaaAcaagatcgcgacgaaagcca,1,1,not promoter
ccgcgacctttgccgcaagcctcggtctgaaagttaacgccggacacggtctgacctatcAcaacgtgaaagccattgccg,1,1,promoter
caagagctggcgcgtatcgccaaagccgcgacctttgccgcaagcctcggtctgaaagttAacgccggacacggtctgacc,1,1,promoter
tagatgtccttgattaacaccaaaattaaaccttttaaaaaccaggcattcaaaaacggcGaattcatcgaaatcaccgaa,1,0,promoter
tattttatctacaaaaactgactaaataaaaatttttcactaattgattagtcatagccaGcgatatacgctatgcgaaaa,1,0,promoter
atttgcctgatttttcagcgattgaaactacacgttgcaatttgccgttgacacattcggGcggaattcatatgatgccgc,1,1,promoter
cagggttatagcggcgaggcggcatgttaaaactccagatagctaacgaatcataaggtaGaaacatgctactctgaaccg,1,0,promoter
aatatcgccgatgcggttaacagtgtgctgaccgataccatcgctgatatgtctcaggacAccagcatccacgaattcatc,1,1,promoter
gtgcaatcattgaaaccccgctgggcaccatgcagggtcactacgaaatgatcgatgaaaAtggcgtccctttcagcatcg,1,1,not promoter
cagttctaatctcgattgatatcgaacaaagggcctgcgggcccttttttcattgttttcAgcgtacaaactcagtttttt,1,1,promoter
cctaaaggattaaatcttttgcgtgcactacactgtcaatcagacaaatgactatatgggGcaacccgctgttgccctaaa,1,1,promoter
acttttattaactcagcattatttttaaacatcaaaccacttaattattaacaaaatcgcAagatctcattccaccgaaac,1,1,promoter
ccgggcggtgaatccggcggtgatgatgaacgatacgctgtttaatgcgctcaatgactgGgtggatcgttactaccgcga,1,1,promoter
tgtggcaggattgtgaataaagtgtcaacaagcaacggggcatcgcccattcaaacatctAtaaggaaacaccatgagcaa,1,1,promoter
tctatgcgttgttcaataaattcgaacataggcttcgatttattgcgctatctctgtggcAggattgtgaataaagtgtca,1,1,promoter
aaagaaaataattaattttacagctgttaaaccaaacggttataacctggtcatacgcagTagttcggacaagcggtacat,1,1,promoter
ctgctgttccttgcgatcgaaaagatcaagggcggaccggtatccgagcgggttcaagacTtttgttatcgcattggctcg,1,0,promoter
gcggaagcacaaattgcaccaggtacggaactaaaagccgtagatggtatcgaaacgcctGattgggatgccgtgcgtttg,1,0,promoter
aaatacttatggtgcgctggcttctttggaacttgcgcagcaatttgttgacaaaaatgaActagagaaagctgccgccca,1,1,promoter
acgcgttattaatcagcgtctgatgccattacacaacaaactatttgtcgaacccaatccAatcccggtgaaatgggcatg,1,1,promoter
ctgatctaagcgttgaccgagttggttttcggacaccgttgcagtgagctgtactcgttgTgccatatatactgcttcttc,1,0,promoter
ttttattcgcgaacgtgaataatccgggaacatttcggccaaagcctgatctaagcgttgAccgagttggttttcggacac,1,0,promoter
