sequence,labels,directions
tggaccgtgttgcagaacaaaccggcgattgaggtggcgcaggaaacacataacgatcccGcaccgcaacattaacgtttc,1,0
ccggcttttatcattatgttgatgaatgaataatttactaatgtttatttaaaatatttcAatgtcgttatataaattacc,1,0
aatgtattggttgccgtacctgtgaagtagcgtgcgtggtttctcatcaggaaaatcaggActgtgcatcgctgaccccgg,1,1
aaatgaaacattgttttatttttaattgaaaaccctagcccatgggcatatcatccctttAtagagaaaacgaaacagtgt,1,1
GAGCCAGACCGACGCTGGGAGAACCTTCTCGCGGTCGCATTTATGCCGATGTGAACGGTTTTCTGGACCCGGTGGATTTCC,0,1
atttaactcactaaagttaagaagattgaaaagtcttaaacatattttcagaataatcggAtttatatgtttgaaaattat,1,0
ttccatatggaaaaatgcgcccatgatctgacggactggaagctgtggccgcgtaacgccAttacccatcgcttctcgctg,1,1
tcgtcgagacaagcctgtagtgttgtcgcacgagtctgaaaaagatgcctgtcgaaacgaGcacttagcgtggcgaactgt,1,0
CGTGCTGGCGGGGGCGCTACAAGGCTATTACGGCGGTAAAGTCGATCTCTGGGGACAACGCTTTATTGAAGTATGGTCGGG,0,2
GGCGTTACTGGTAGCATTAATTTCTGCGGCAATGTATGGCGTATTTTTGCTGATCCAGACCAAAACGCATCAAAGTTTGTT,0,1
ttaaagcgcaataagtcgttgtctgcggcatttttgccgagtgccgtgtataataggcaaAgttatttccatttctgcaat,1,1
TCAGCGAATTTCAAACTACCCTTGATGCACTTGATAGTGTGATAGCGTCGCGCCTGATGCAGATGGCGCTGGAGGCGGCAC,0,2
TGGCGTTATATCGTCTTGATGAACTGGAAGGCCAGCCGATAGGTCATTTTAATGGCACTTGCATTGATGACCAGGATATCA,0,2
gaagttattatgggcatccgcacatcaattgccttagtaccttgcggatttatgctactgGcattcgttattatctggttt,1,1
TCCGGCGGACATCTACGCCATTGAGCAGACGGGGCAGTTTTCAGGTCGTTATTTTGTGTTGATGGGGCATCTGTCACCGCT,0,2
AAGGTTGGTTCTGGCCAGACACCTGGATGTATACCGCCAATACCACCGATGTCGCGTTACTCAAGCGAGCGCACAAGAAAA,0,2
GGCGGGGATCGGTGACACGCTGGCGAAATGGTATGAAGCGGTGGTGCTGGCTCCGCAACCAGAAACGTTGCCGCTAACCGT,0,1
aatatttcctttacaaaaaaaataaacaaaagcgaccgacaaaagcatcggattacggcaGgagacataatggcatggctg,1,1
GTGTGTTTCTGTTTATACTGGAGTTCGCCCTGGTGAGCTGTGTGCACTTGGATGGGAGGACATAGATCTGAAAAATGGAAC,0,2
tttgcaaacagcctgttggcagcttgccctttcaaatcaataagcggtatccacagacaaAcctgaagggaaaggcatatt,1,0
AAAAAATCAGCAGGTGTTTTATATCGGCACCAACCAGCCGGAAGTGCTGACCGAAATCCGCCGTCATATTCTGGCTAACTT,0,2
gtcaccgcgcaaatgccgcaggtaggcactaaatttggtcgttggctggatctgacatttAtgcagttgcaactcgacgag,1,1
cggtacaccaaatcccagcagtatttgcattttttacccaaaacgagtagaatttgccacGtttcaggcgcggggtggagc,1,1
tgtcacgtttaccttacgagcccaaacttaaataaaacttatacagagttacactttcttAcataacgcctgctaaattat,1,0
gcagcggacgatctgaaccaacggttgcaagatctgaaagaacgcactagagtcacaaatActgaacagttggtcttcatt,1,0
TGCTTGAGCGCAAACTCTCCTCAGCGAAAGGCGCGCTCGACACTCTGGGCAACCGGATCAACGGCCTGCAACGCCAGCTCG,0,1
AGAAGAGTTTACCCGACGGATGAGCGGTGGTTTACCGAAGGACTGGGAGAAAACGACTCAGAAATATATCAATGAGTTACA,0,2
atttgcctgatttttcagcgattgaaactacacgttgcaatttgccgttgacacattcggGcggaattcatatgatgccgc,1,1
tacgaaaagtacggcattgataatcattttcaatatcatttaattaactataatgaaccaActgcttacgcggcattaaca,1,0
CCCGTAATGCGCCGTTCCGCGCACCGCTCATCATCACGGTGGTGGCGAAATGCGAAGAGAATCATAAAGTCCCGCGCTGGG,0,1
TGTTAGCCAGCTTTGACTCGGTAGAAAAAGCCGGACTTGCGGTTGGTGACATCATCGCCAATGGCATTATCCCCGGCGGGC,0,1
AAGAAGGTGAAGTAACGCTGGCGCATATTCTGGTAAATACTCAAGCGGGTAAACCGGATTATCCAAAGGCAATTTCGCTGT,0,1
ctttatctttgtagcactttcacggtagcgaaacgttagtttgaatggaaagatgcctgcAgacacataaagacaccaaac,1,1
ccgcctgaaagcggcggcaaaacttgcatcgctgtgccagactggttataaggtgcgtttTaacgtaatggcggaacacct,1,0
tttatattccattgccgctaattgccatgaattaaaaattccagttagccatgatgcggtCgattgttgccggaaaagtga,1,1
cgcgacccgtgggcggcacaggtgagccaactttcgctaccaaaactggtcgaacaggtgGcgttaaatgcctggaaagag,1,0
aatcagaacttataaccgacacccacgatgaaaccgtcagtgcgccagtcgccactgccgGggccttcataagcaatatca,1,1
ATGGTGGCTCTCCCTTCCCATTATTGTCATTTATCCTCTGCTGTTTGGCTGGGTCAGCTACCAGACGGCAACCAAACTGGC,0,2
ggcgctaattgtgctgatggctgggttcgggattgtaatgtcaatccacacccacaggaaAatgttgtcgaaaagcgtgta,1,1
ttagtgcctcctttctctcccatcccttccccctccgtcagatgaactaaacttgttaccGttatcacattcaggagatgg,1,1
tttttggttctgtctgatatcgctgaatttcaatataaaactacaaactattatcatcctGaaagcgattgtggaatatgt,1,1
TGGATGAACATTTTTATCATCAGGTGATTGGAGAGGTATACCGGCATAAGGTGCTGTTTGTTATCAGCCAGTCGGATAAGG,0,1
gccgtaatcaagttcccgttgatgttgaaaatcccggtcagaagatcgggattttttttgAtgtatggagattgcgaaaat,1,0
tcgaaacaattcttatggtcaggctggcgaactaagcgccttgctatgggtcacaatgggCggtttcatttggctgacgct,1,0
TTTCAGCAATATATTGAATTTACGTGCTTTTGTTGGCCGGACAAAGCGTTTACGCCGCATCCGGCATGAACAAAGCACACG,0,2
gcagtaaattgaagaaatttgattgacgagacgaggcgaatcaggtttaatgcgccccgtTgcccggatagctcagtcggt,1,0
cctgggaggaatggaatagcaacagaaaataaatggtttttgggcaataatcagtctgtgGtgtgcgttagctcgtgtttt,1,0
ACGCTTATCAGGCCTACGTGGATCGATCAATTTATTGAATTTACACAATTTTGTAGGCCGGATAAGGCGTTCACGCCGCAT,0,2
GAATCCAACTTATGTTGTAAACTGGCAAGGTAATGTCATTAGTCATAATAGTGCTTTTGAACATTATTTCACTGCGGATTA,0,2
tttttttggggattgaaaatatggctttgaataagtaaaagatgaaagtatcaacgtgtcAtgttgataattataaatgga,1,1
cagagctggtttgtagaagaaattgcccctgatgagtgctgggaaggatggtcagaagatAcggagcatggatgggttgaa,1,0
CAACGCAGCAGGTCAGGTTTTCCACGGCGACATTCCGCGTTATATGGCGGGTGACCCGACTGCGGGTAAACTGTCTGGTGG,0,2
GCATCAAACAGTTTGGTATCAAAACGCCTAAAACAGATGCTATGATTCTCGCAGGGATAATATTATCCGGATCGTTTTCAG,0,1
AAGCCTGTCCGTTAGGGCTGGCACCGACCAGCAGCACCACCGCCACGCTGGTTATGGGCGATGCCCTCGCTGTCGCGCTGT,0,2
tggcaatattcttatttggcaattataaaaatagcaaccagacttaataagtcaaaccaaAcgcaattaaggagttagtat,1,1
CCTGGCCGGGCGATGAAAAAGTGTGGGCCAAACTGGCGGTGGTGCACGACAAACAAGTGCATATGGCGAACCTGTGTGTGG,0,1
tgaggcgctgcgcgacttgctggcattgcaggaaaaactggtcaccatcgacaatattcaGaagacggtggcggagtacta,1,1
AAGCGATTTTAAAGGCGATTTTTTCACCATGAATGATTGTCGCGTGAGTCCGCAACCGAGTGTCCCCATGAAAGTGATCTG,0,1
cacctctgtcgataattaactattgacgaaaagctgaaaaccactagaatgcgcctccgtGgtagcaattctttttaagaa,1,1
ggtttgaataaatgacaaaaagcaaagcctttgtgccgatgaatctctatactgtttcacAgacctgctgccctgcggggc,1,1
CAGTCAACGCATTCTCGATGCCGCAGAAAGCAAAGAAGGGCGCTTTATTGGTATCAATGCGCCGCGTTCTGGCGCTTATGA,0,1
atttcaaaagccgattacgaagctctgctcacgctgatacggggttttctgacgaccttaActgcggagaaagtcaacgcg,1,1
aaatttgaacataccgggcagaatatctggctaacaatgtagcgtccagccccttaccatAaaaggaagtaaagagaggtc,1,0
gtcaggggcgcaaatatagcaaattcgtcgataccgcgccaacatatggctataatcgccGccagtatcaattgaggagca,1,1
ctgctctccttatccttaatggacgcgttgcaaatccatggaaaactccggacaatgacgCccatttctttgcatcgacag,1,1
agtttacttctatagtgagatatttaatggcgacataaagtaaccaaataaaataaggttGtcatatgttacccaggatca,1,0
tgcttcgataatcccgatctgactttctctgcccgtatcttaaggtctatgattgatactGgtattggcggaacaggcaaa,1,1
aacttatactgaatggcgttgtagaaacttagcgaacagcccagcaaagtcacaaaaattGttaacccggtgagcagcgta,1,0
acaaatctcatgttgcgtggtggtcgcttttaccacagatgcgtttatgccagtatggttTgttgaatttttattaaatct,1,0
gttagctataactcggacagattatgccctatgacatggtctgtcttaatcaatctcatcGcaaacagtgcataacatata,1,0
TAAATCGCGCAAGTTTATCGCCCAGCAAATTGTTCGCTGGCTGGAGAGCGAGCATCCACTGAAAGCCAAAATTCTCCCCAC,0,1
cgtggaattaattattgacatattacgttgattcacgaaaaacccggcagtaaataatgtAttgaatattacgtggtccgt,1,0
acaggcacttaacatcaacaccaataataaactggcaaaccggtaaataacgctattacgTttcctgctaaccatagtgta,1,0
TTAGCCTTGAAGATTATTGTGCCGATTGGGCAGTCAACCCGCCTGATATACGTGTTAAGCGTATGCTGATCGCACGTGTAG,0,1
ATTCGAACTATTCCGTTGATTACTGGCATCAACATGCCATTCGCACGGTAATCCGTCATCTTTCTTTCGCAATGGCACCGC,0,2
AGCGCTGGATTACAAACTGCGTAAGCAAATGCAGAACGAGCTGAAAGCGTTACAGCGTAAGCTTGGCATTACATTCGTCTT,0,1
TTTGCTGCCTGCGCATTGATAATCTTGAGTTTATGAGTCGTCATTACGGCTTAATGATGCGCGTTCACTGTATCCGCTCAA,0,1
gaacgtgcgcatcgccgcatgctacagttgcaggagaagggctttagtgttaactttgagCgccttttggccgagatcaaa,1,0
TCATGATTTAGGACTCACTGAAACGCTCCATACGCCTGCGGGAACAGAACGTACCGAATTACTCTCTTTAGATGAAGTGTG,0,2
tgcgtaccgcttgcgaacccgccagcgtttcgaatattatcttatctttataataatcatTctcgtttacgttatcattca,1,0
gatattgtgttagatatccttgtggcaggcgattaccactctgcgatccataatctcgagAtacttaaagcagaactcttg,1,1
ACCTGAATATCAAGAGCGTATTCTTCATGTCTCAGGCAGCGGCGAAACACTTTATCGCGCAAGGCAATGGCGGCAAGATTA,0,1
GCTCAACGCACACACGGGTCTTTCCGTTGAGATCGCAAGCCAGAATATCGGCACTGTCGCAGCGCCTTATGGCGTGGGTAT,0,1
caacaccttctgggtgtatgcggctctgaacgtactgtttatcctgctgacattgtggctGgtaccggaaaccaaacacgt,1,0
cctctgaagacctcgtcacgttatacggaacaacatttaactccagcggtctgaaaatgcGcggcaacttacgcagcaaga,1,0
acgccgttgcttacaacagcagcgatgtaaaagacatcactgccgacgtactgaaacaggTtaaataagtaatgccttcaa,1,0
AACATATGAGTACACGAGCAATAGAAATACTGAAGCATATTTATGGTGAGGGTAAATTTTCCACCAACTACGACTTGCATT,0,1
gatggcatttcatgccgtttttccccaggcataaagtgcacttcgttatggttgtcggcaGagatttttcctttttattac,1,1
gtgatctacatcgaaatttttgttgcgctcaagtctgaaatcagtaatatatgccgccgtTgccacgggatatcaaacaaa,1,0
tgcttttccatacaagacctgatgctgccacccgaggcttaaccagggtacaattgcccgCtaattaacacctgcataaaa,1,1
CCGTAGTGGAAGGGGCGTCGCGTGCTATGCGTATCTCCATGAACCGTGAACTTGAAAATCTGGAAACGCACATTCCGTTCC,0,2
gctgacgcaaatgccgtcagatgagtagacactaaacaaaaatcgggcaatactgcgtgaGaatttcctcaaagcaggcat,1,1
TCCGGAAGTATTACGTCTGGCGGAACAGGCGTATATCCGCACAGGTGCATGGAGTTCGCTGCTGGATATTATCCCATCAAT,0,1
aaaagataaatccacacagtttgtattgttttgtgcaaaagtttcactacgctttattaaCaatactttctggcgacgtgc,1,0
agggttaacggtttaaacacccagcgttgccaggttggcccacgatacgatgcatccacaGatagccatgcggaaagacag,1,1
cagtttgctataaaggtgttgcccgaactcataaaaattaacaaaatttgtcgttccgccAtcggctaatcgcattaaggt,1,0
AGAGGATACGCTGGCGAAAATCGAACAACTTACCGGTGTGCGCGATCCTGCGGGCGTTGCCTGTGAACCTTTCCGCCAGTG,0,1
tattgatttccgtggcgcagaaaaaagcaaatggcacatctgtttgggtataatcgcgccCatgctttttcgccagggaac,1,1
ctagctaataagtgtgaccgccgtcatattacagagcgttttttatttgaaaatgaatccAtgagttcatttcagacaggc,1,0
gaatattcttataaacctgtaagctgttaaagattacccgtcccttgccgataaataagcAacacatgataaaagcgccct,1,1
cagagtgctccgcttctcactattatctcacgcagtattcttaagggaacgataaggaggAaccatgaacattaccccgtt,1,0
gaacattgataatctgttctgaataactcaagtccggcgggtcgctgccgataatactctGtaattgaaggcttataagga,1,0
AGTTTCTGATGAACAACTAAAAGCGATGCTGGCAAAACACGGCATTCGCCATGACACCACGGTCATTCTGTATGGGCGTGA,0,2
aaaggacccctgaaaaagtggttaacatggaacaaatgaaagttactccttctgtaattgTtatgtcttatggcctcatcc,1,1
CAATGGCTGGGATGAATTCAGCATTCCAAAAGAGGTCGCTCGCCAGCTGATTGATATGCATGTACGCCGCGGTGACGCGAT,0,2
GGCTGATGGATATGATGACGGATAACGAAGTCGAAGCGGTGATCGGTCACGAAATGGGGCACGTGGCGTTAGGCCATGTGA,0,2
GCGTTATTCCGGTGAAGACGCGACCGATCAAAAGAATCTGCAAAAACTGCTGGAAACAATGAAAGACGTACCGGACGACCA,0,2
GGGCGCAGGCGGGGCTGGCGATCCCGGCGTTAGGCACCACGCACGCCGACTACTTCTTTGGCGACATTCCGTGTACGCGCG,0,2
cgtaacgtggcgtaaacggcaatgactggttagcataaatctattacgcggcatgacgctGcattgatgtatttacactta,1,0
TGCTGCTGATTTGTGATGCGACCCACGCGCTGCCAATCCAGGTGCTGCGCAACGATATCCGCGTAATTGCAGCCGGTAACG,0,1
ATGCCAGCGCCTGCCTGCGTTATTGGGTAGAAACCTGCCACGTCGATGGTTTCCGCTTTGATCTGGCGGCAGTCATGGGCC,0,1
AACGGCTGGATGCGAAGGTTAACCTGGCGGGCGGCATCAACGAGGATTTTTATCTTGCACAGCTTGCTGCCCTGGGCAGAC,0,2
ttcaaaagatgagaaaaaccgttgacgaaggtcgaggcaatccgtaatattcgcctcgttCccaacggaacacaacgcgga,1,0
caaccagcaagagaacatctggcctgcgggcaccactgctacagtggtggtcactggcaaAcaagatcgcgacgaaagcca,1,1
GTCAGCATGTGGCGATGCTCGGCTTTATGTTGACCCTGGCGGCAGCATTTAGTTGGGCGTGTGGCAACATCTTCAATAAAA,0,1
ttcgttgcacgaactggagcagctcctgtgtaaacactgattgcctcccccccgttgatgGgtaaaatagccgcaattttt,1,0
atttagtgatgaggtcatgaaagtcaatggccttaatggcaaagcgaattctgcaaaagtGcatttttacgccattaatga,1,1
gtgacgcttcagggggtaaacgacaaagtgtataccctggcgaaattgtataatttgcctGctgatgttctgcctcgttaa,1,1
atgacgctttaatcagcaaattgttggcagactgaacctgatttcagtatcatgcccagtCatttcttcacctgtggagct,1,0
GTAAAATGCTTCTGCCATGGTTATTCCCACAAACGAAACGGAATAATTTTGCAGCAAAAGTGAACAGTGAGAACCAGGAAA,0,2
ACCGCTGTCATGTTACAGAGTTTTCACGTTTAACTTGGCAGCCCTGCTTGATTTACAGGGTTTGGAGAAAGTGCTAATCCG,0,2
CAAAGCGATTAATATTGGTTTCCCCAATGCCTATGACCGTGCGCATGGTTATGAAGGGAAATACCTGATGATCCACGGCGA,0,1
aattatcccgcctgctgaagaacgttgctctgagtgtgataaacctttttattcttgatgAtgtcagcgagaagatggaat,1,1
TTACGCTGTTAGCGCATTTCCGCGTGGGTAAAACTTGTGAAATCGATCTTGAATCACATGGCGAATTTGAAACCACCTCTG,0,2
gttaatgtccaaagtagcaactttgcttgcactagaccgactggtctactacactccaacGcatgaacaaacacaccgaac,1,0
GGTGATCTCCGATGCCAACTCGGTATACGGCTTCTCATTTGACTTCGTGAACTTCTTTGCCGCCAGCGTAATTGGGATACC,0,1
gcttgtttttatgaagtaaaagaataacggcactttttggtgaatttgcactccaagcaaCgttattgaataaccaaagga,1,1
ttgtacagaacatttattataatcctattcaattataataatcatgccattattatatttAaacactagagagtgtcgttg,1,1
aaagatgaataaatatgcccatacttcacgcattacgttaagcatccgttataatcggttGcagataccagcctgtggatg,1,1
ccattgcaccgggttgaacaatttacaaaagaaagatattccatatcgtataatgcgattAaatacgccgtcttatagaaa,1,1
caacactttttgcaaaaaaatgcatttgactcgcatttgaaagtcaatgatgttgaaaggGacatttaccccaaagaggac,1,0
tattttatctacaaaaactgactaaataaaaatttttcactaattgattagtcatagccaGcgatatacgctatgcgaaaa,1,0
TACTCATCCTCGGGGTGAATGGCTTTATTGGCAACCATCTGACAGAACGCCTGCTGCGCGAAGATCATTATGAAGTTTACG,0,2
TACAGGACACGGCATGGGAAGGTTACACCAAAATCCCAACCTGGATCATGCAAGGCTACGCAACCCTGGCAGATGAAGCCG,0,2
aaaacaattttgaggatttccttatattggtggttagtacgcatgcaattaaaaatgaaaTtccgcgaccacaagccaaaa,1,0
ctgaaaaaaaattacaaaaagtgctttctgaactgaacaaaaaagagtaaagttagtcgcGtagggtacagaggtaagatg,1,0
actgacgggcagatcctcgtgatgcacgacgcctttggtattaccggcggtcacattcctAaattcgctaaaaatttcctc,1,1
GTGGGTGGCATGGTCGCCGTTTGTCGGCTTGTTCCTGGCGCGTATCTCGCGTGGGCGTACCATTCGCCAGTTCGTGCTGGG,0,2
TGCGCTGTGGTTCTGCTTCGCCGGTAACCTGCAAAATGCCGCGATCGTCGCTGTTCTTGGGCTGTTATGCGCCGCAATCTT,0,1
cttgccaacatttctgatgattagcattcccttcgccatttccttgagcaaactttagctAttcttatcaattatgcttat,1,0
TGGTGGTCAAGTTGGTTGAAGGCACGCAGGGAATTGGCGTCGTGCTGGCGGAGACGCGTCAGGCGGCGGAAAGCGTGATTG,0,2
TATTGAATTATGCGATCCCATTGGGATTGGTAAATGTTCTTGCTGTGGACAGGAAAGCAATTTGCGTTATACCGGTTTTCT,0,1
TATTGATTACGGGTGGTACTGGCCTGACGGAAGGTGATCAGGCTCCCGAAGCATTGCTGCCGTTGTTCGACCGTGAAGTTG,0,2
cggcaaacagggctttaatacagaaactacttagtgttcaggagagagactcaaaagaagGggataatgcctgataatgag,1,1
GGTGGAGATCCCCAGACAGGTGATGTTTACCGTGTATGTGACATCAACGCCTTACGATCCGTTGGTTACACCTGTTTATAC,0,2
aatgcttacaatttctccggtgcaagattcatatttatatagtaatatataaaattatatAtaattgggctgttgcgatga,1,0
catacggcccggggatctctgcgccctgacgttcacaaactgcatatatctgatagacgtGaaacaggagtcataatgaat,1,0
atcgcatccgtggattaattcaattataacttctctctaacgctgtgtatcgtaacggtaAcactgtagaggggagcacat,1,0
TGAGCACGGTCAGGCGTTCCGCGATGTGGAACTGGAAAAAGAATTGCTGATCGAAGCGCAAAATCTTGGTCTGGGTGCGCA,0,1
GCTGCACGAAATTTTTAAAGTTGTACGTAAAGGTATTAAAGCGAGCGGCTGTAACCGCGCCATTATGGTGGCGCACAATGC,0,2
